L,v0,C,t,angle,velocity,accel
0.15,1.25,0.05,0.0,1.5707963267948966,1.25,-66.78888888888889
0.15,1.25,0.05,0.02,1.582537296544416,-0.07099474812881926,-65.31660929118517
0.15,1.25,0.05,0.04,1.5681500064120943,-1.3629676042875014,-63.88536255244702
0.15,1.25,0.05,0.06,1.5282094203132817,-2.6262265172469266,-62.42267332067121
0.15,1.25,0.05,0.08,1.4633070660090177,-3.858401118313957,-60.735437399463606
0.15,1.25,0.05,0.1,1.3741278171903084,-5.052179181541942,-58.525751958795084
0.15,1.25,0.05,0.12,1.2615681902324396,-6.19344207036146,-55.41639393538901
0.15,1.25,0.05,0.14,1.1268857998497603,-7.2600789456014985,-50.99461887945351
0.15,1.25,0.05,0.16,0.9718621605935671,-8.22191927892036,-44.88081138633724
0.15,1.25,0.05,0.18,0.7989514791938787,-9.042283056735656,-36.82030593948134
0.15,1.25,0.05,0.2,0.6113791049506657,-9.681479588723866,-26.782223589502987
0.15,1.25,0.05,0.22,0.41315140121691935,-10.102095832615765,-15.033389467406606
0.15,1.25,0.05,0.24,0.20894859410955785,-10.275191841831134,-2.1491387943901064
0.15,1.25,0.05,0.26,0.003897193318295994,-10.18585860218796,11.06274487126284
0.15,1.25,0.05,0.28,-0.19674798248276593,-9.83644393287285,23.713845578110146
0.15,1.25,0.05,0.3,-0.387953075790861,-9.246366270810105,35.01419414095983
0.15,1.25,0.05,0.32,-0.5652163249708916,-8.448606964984023,44.41548356645301
0.15,1.25,0.05,0.34,-0.724785281606443,-7.48409499197835,51.67420718750626
0.15,1.25,0.05,0.36,-0.8637550165467885,-6.3957090531221095,56.82912154958019
0.15,1.25,0.05,0.38,-0.9800553861417513,-5.223376753126281,60.12029757174824
0.15,1.25,0.05,0.4,-1.072358413213488,-4.00105228138431,61.8884214794968
0.15,1.25,0.05,0.42,-1.1399450289326634,-2.7556378462560063,62.48494908810764
0.15,1.25,0.05,0.44,-1.1825666281547194,-1.5074573216448248,62.20792762962818
0.15,1.25,0.05,0.46,-1.2003270752477355,-0.27173612568373257,61.26503308390959
0.15,1.25,0.05,0.48,-1.1936001160376575,0.9394108854690848,59.758653356847184
0.15,1.25,0.05,0.5,-1.162988388578953,2.114861150189606,57.686856907149384
0.15,1.25,0.05,0.52,-1.1093237639558051,3.242508344796806,54.95622807343409
0.15,1.25,0.05,0.54,-1.0337039304391806,4.307649950795212,51.405399486946244
0.15,1.25,0.05,0.56,-0.9375557780785126,5.291957237104531,46.83991075021525
0.15,1.25,0.05,0.58,-0.8227116359389577,6.173258960151004,41.078570479927095
0.15,1.25,0.05,0.6,-0.691479900968716,6.926345509341291,34.0081920978888
0.15,1.25,0.05,0.62,-0.5466885004659309,7.52488382103362,25.63794265627704
0.15,1.25,0.05,0.64,-0.3916798490265404,7.944298587055052,16.138901264969533
0.15,1.25,0.05,0.66,-0.2302421197196514,8.165160354820364,5.852746854569412
0.15,1.25,0.05,0.68,-0.06647365609010403,8.176344278120947,-4.740650819997827
0.15,1.25,0.05,0.7000000000000001,0.09540659753869027,7.9771421892919285,-15.093621211806473
0.15,1.25,0.05,0.72,0.25127511549238846,7.577729592441975,-24.680705387318486
0.15,1.25,0.05,0.74,0.39731117598831905,6.997860088051694,-33.08130007827306
0.15,1.25,0.05,0.76,0.5301633616669056,6.264186564728538,-40.031305471659266
0.15,1.25,0.05,0.78,0.6470548658963081,5.40695926647135,-45.433416914130866
0.15,1.25,0.05,0.8,0.7458233119040132,4.456900783472476,-49.33103386640167
0.15,1.25,0.05,0.8200000000000001,0.824905011936804,3.4428470412041507,-51.86059499884669
0.15,1.25,0.05,0.84,0.8832821750419401,2.3904174537943583,-53.198837521923885
0.15,1.25,0.05,0.86,0.9204137244056423,1.32168344332527,-53.51727068103667
0.15,1.25,0.05,0.88,0.9361677896933043,0.2556180124197434,-52.9501157911639
0.15,1.25,0.05,0.9,0.9307685697745779,-0.7909622229519263,-51.577131536697614
0.15,1.25,0.05,0.92,0.9047645437134275,-1.802252159386131,-49.420189666861795
0.15,1.25,0.05,0.9400000000000001,0.8590194392336077,-2.762366849091424,-46.451743343935036
0.15,1.25,0.05,0.96,0.7947226264480308,-3.65452356748482,-42.61339289838857
0.15,1.25,0.05,0.98,0.713411585042118,-4.460679961593362,-37.84257307391749
0.15,1.25,0.05,1.0,0.6169958629568734,-5.161763575668542,-32.104332249054096
0.15,1.25,0.05,1.02,0.5077699805137365,-5.738548505477666,-25.423263743115307
0.15,1.25,0.05,1.04,0.3884027403045116,-6.173115456667629,-17.908656773059786
0.15,1.25,0.05,1.06,0.261893144631902,-6.4506831497435595,-9.765262517720847
0.15,1.25,0.05,1.08,0.1314887994875552,-6.56146121381182,-1.2840969252335475
0.15,1.25,0.05,1.1,0.0005705088504246517,-6.502109649883318,7.187255000854375
0.15,1.25,0.05,1.12,-0.1274852685645235,-6.276444463849044,15.288797798213487
0.15,1.25,0.05,1.1400000000000001,-0.2494488107651502,-5.895206608211863,22.695518905939657
0.15,1.25,0.05,1.16,-0.3623658564431812,-5.3749555277289485,29.155651571124324
0.15,1.25,0.05,1.18,-0.46365762631996066,-4.736367008726663,34.51098512240225
0.15,1.25,0.05,1.2,-0.551184116908946,-4.002330367175739,38.69677509397197
0.15,1.25,0.05,1.22,-0.6232705704528496,-3.196224786009642,41.72494161077836
0.15,1.25,0.05,1.24,-0.6787035949587629,-2.3406395743149817,43.65781345314835
0.15,1.25,0.05,1.26,-0.7167071755540931,-1.4566488482241338,44.580120867001376
0.15,1.25,0.05,1.28,-0.7369095842412576,-0.5636121304550817,44.575200537391
0.15,1.25,0.05,1.3,-0.7393105833724977,0.3206221954866704,43.70887610164253
0.15,1.25,0.05,1.32,-0.7242553342743712,1.179279794467583,42.02228227216964
0.15,1.25,0.05,1.34,-0.6924178905669103,1.996168188403581,39.53340242316122
0.15,1.25,0.05,1.36,-0.6447936985051985,2.755293388876024,36.24615839528492
0.15,1.25,0.05,1.3800000000000001,-0.582697531801676,3.440718845721219,32.165181499537475
0.15,1.25,0.05,1.4000000000000001,-0.5077610391586851,4.036755396938669,27.31363398811204
0.15,1.25,0.05,1.42,-0.4219228923944907,4.528510046779031,21.75063390212378
0.15,1.25,0.05,1.44,-0.32740469686392937,4.9027460551394535,15.58427280907846
0.15,1.25,0.05,1.46,-0.22666759165621025,5.148926691633586,8.976417615955427
0.15,1.25,0.05,1.48,-0.12234769660367067,5.260250922260167,2.136868594207015
0.15,1.25,0.05,1.5,-0.01717274602107583,5.234464101855986,-4.693028834538759
0.15,1.25,0.05,1.52,0.08613365106541718,5.074258692088162,-11.26424319240197
0.15,1.25,0.05,1.54,0.18495073964448822,4.787166795837804,-17.346010841526212
0.15,1.25,0.05,1.56,0.27685218242038423,4.384963224167295,-22.7479017002355
0.15,1.25,0.05,1.58,0.35968177774795573,3.8827065395442113,-27.333374430330373
0.15,1.25,0.05,1.6,0.4316079714693082,3.297612555972067,-31.02291719396569
0.15,1.25,0.05,1.62,0.49115588247753333,2.6479627904638074,-33.78779308864626
0.15,1.25,0.05,1.6400000000000001,0.5372192187059271,1.952207051075761,-35.63749743925676
0.15,1.25,0.05,1.6600000000000001,0.5690569825241747,1.228347342318569,-36.604827835466395
0.15,1.25,0.05,1.68,0.5862808140012779,0.49361397572897453,-36.732106025608374
0.15,1.25,0.05,1.7,0.5888384028406358,-0.23561620896807983,-36.06106529804357
0.15,1.25,0.05,1.72,0.5769969653217126,-0.9437479555880333,-34.627715280832064
0.15,1.25,0.05,1.74,0.5513288380946337,-1.6158454869154617,-32.46242020072708
0.15,1.25,0.05,1.76,0.5126991734136632,-2.237559489392439,-29.594560292478175
0.15,1.25,0.05,1.78,0.46225391968307333,-2.7951826439144174,-26.060457667010258
0.15,1.25,0.05,1.8,0.4014049799691152,-3.2758811638594523,-21.912698787772484
0.15,1.25,0.05,1.82,0.3318088895980396,-3.668108293000135,-17.228621557739764
0.15,1.25,0.05,1.84,0.25533569830582836,-3.962160045109032,-12.115693472180475
0.15,1.25,0.05,1.86,0.17402596862025227,-4.150791420090629,-6.7119476327653445
0.15,1.25,0.05,1.8800000000000001,0.0900357385077355,-4.229784069314464,-1.1806248755147308
0.15,1.25,0.05,1.9000000000000001,0.005571582080319002,-4.198351350415843,4.300455250959846
0.15,1.25,0.05,1.92,-0.07718003933429562,-4.059293471909287,9.552890947575722
0.15,1.25,0.05,1.94,-0.15612365393506272,-3.818862332114028,14.412238444599854
0.15,1.25,0.05,1.96,-0.229320145912422,-3.4863544761570786,18.740162192076813
0.15,1.25,0.05,1.98,-0.2950418371563742,-3.0735044799643587,22.432009113390187
0.15,1.25,0.05,2.0,-0.35181427785751274,-2.593781093686734,25.41891874705486
0.15,1.25,0.15000000000000002,0.0,1.5707963267948966,1.25,-69.56666666666668
0.15,1.25,0.15000000000000002,0.02,1.582187400930651,-0.09592132910217108,-65.0760192423682
0.15,1.25,0.15000000000000002,0.04,1.5675379391308872,-1.355052626559425,-60.882810732927226
0.15,1.25,0.15000000000000002,0.06,1.5285282012647998,-2.5326537062682277,-56.899408038517485
0.15,1.25,0.15000000000000002,0.08,1.4667577116068926,-3.6312186274494813,-52.942311159694654
0.15,1.25,0.15000000000000002,0.1,1.3838176256023575,-4.648877364395234,-48.7638431014461
0.15,1.25,0.15000000000000002,0.12,1.281388676983362,-5.5784377171116155,-44.08542377695448
0.15,1.25,0.15000000000000002,0.14,1.161351313759962,-6.407148788795478,-38.63699792792481
0.15,1.25,0.15000000000000002,0.16,1.0258921434799209,-7.117330942845252,-32.204136705099174
0.15,1.25,0.15000000000000002,0.18,0.877587985859675,-7.68799820240385,-24.679007606546016
0.15,1.25,0.15000000000000002,0.2,0.7194474911279517,-8.097458967497657,-16.10505526601252
0.15,1.25,0.15000000000000002,0.22,0.5548929451837743,-8.326626499048558,-6.700719492153663
0.15,1.25,0.15000000000000002,0.24,0.38767324437392553,-8.36247582074142,3.1514074747798198
0.15,1.25,0.15000000000000002,0.26,0.2217125471358552,-8.200887065392246,12.95479276784689
0.15,1.25,0.15000000000000002,0.28,0.06091437399811279,-7.84815659306483,22.179185149191774
0.15,1.25,0.15000000000000002,0.3,-0.0910475032498472,-7.320780018527865,30.348883389528588
0.15,1.25,0.15000000000000002,0.32,-0.2309169513469782,-6.643605781637137,37.11346579661923
0.15,1.25,0.15000000000000002,0.34,-0.3559944501508896,-5.8469103649147085,42.283081604434486
0.15,1.25,0.15000000000000002,0.36,-0.4642131929149311,-4.96316358764302,45.82472722695225
0.15,1.25,0.15000000000000002,0.38,-0.5541534204985284,-4.024187542445571,47.82898212206667
0.15,1.25,0.15000000000000002,0.4,-0.6250077806019084,-3.0591461026010656,48.46292798417504
0.15,1.25,0.15000000000000002,0.42,-0.6765160529978436,-2.093488266415708,47.92393872919644
0.15,1.25,0.15000000000000002,0.44,-0.7088874037046576,-1.1487229769616842,46.40379755076253
0.15,1.25,0.15000000000000002,0.46,-0.7227243992978651,-0.24277377440389403,44.0667967788001
0.15,1.25,0.15000000000000002,0.48,-0.7189575702340202,0.6093663100260576,41.041258806934685
0.15,1.25,0.15000000000000002,0.5,-0.6987939962688845,1.394922188765419,37.421740365968965
0.15,1.25,0.15000000000000002,0.52,-0.6636791653330854,2.102746879227991,33.27849992593693
0.15,1.25,0.15000000000000002,0.54,-0.615268420666979,2.7229654720672722,28.670872646726817
0.15,1.25,0.15000000000000002,0.56,-0.5554027462512875,3.2468997551561185,23.66147589562823
0.15,1.25,0.15000000000000002,0.58,-0.48608330814727496,3.667261820111644,18.328480500697545
0.15,1.25,0.15000000000000002,0.6,-0.4094399173580609,3.9785539281871847,12.773605945959792
0.15,1.25,0.15000000000000002,0.62,-0.32769027107259713,4.177571081456742,7.124215087345089
0.15,1.25,0.15000000000000002,0.64,-0.24308915273544757,4.263880973874933,1.5289806842716747
0.15,1.25,0.15000000000000002,0.66,-0.1578692980006185,4.240158832324995,-3.852043668623109
0.15,1.25,0.15000000000000002,0.68,-0.07417782549255246,4.112284434766175,-8.860832632079351
0.15,1.25,0.15000000000000002,0.7000000000000001,0.005986503650860325,3.8891600664897066,-13.355381888521674
0.15,1.25,0.15000000000000002,0.72,0.08082968985167123,3.5822672620710416,-17.221398225447047
0.15,1.25,0.15000000000000002,0.74,0.14880797153530512,3.2050312002036874,-20.37960100262179
0.15,1.25,0.15000000000000002,0.76,0.2086594688919615,2.772090777276453,-22.78782312825407
0.15,1.25,0.15000000000000002,0.78,0.2594211384931245,2.2985755853097465,-24.43839874690571
0.15,1.25,0.15000000000000002,0.8,0.3004320407985456,1.7994709883291977,-25.35224981860474
0.15,1.25,0.15000000000000002,0.8200000000000001,0.3313252214445556,1.2891196119097441,-25.571453797187484
0.15,1.25,0.15000000000000002,0.84,0.35201112482901914,0.7808726908630449,-25.15193354691426
0.15,1.25,0.15000000000000002,0.86,0.36265542625053715,0.28687619324999114,-24.157439822911886
0.15,1.25,0.15000000000000002,0.88,0.3636536716116797,-0.18204104062681287,-22.655409775881424
0.15,1.25,0.15000000000000002,0.9,0.3556043746501038,-0.6164158119943152,-20.71474786999722
0.15,1.25,0.15000000000000002,0.92,0.3392814780335404,-1.0081712833343768,-18.405177953567986
0.15,1.25,0.15000000000000002,0.9400000000000001,0.3156064483505286,-1.3506356483474378,-15.797584883951941
0.15,1.25,0.15000000000000002,0.96,0.2856198995488308,-1.638572115055829,-12.964692785252655
0.15,1.25,0.15000000000000002,0.98,0.2504524882654876,-1.8682207655432246,-9.981487492214622
0.15,1.25,0.15000000000000002,1.0,0.21129492827807922,-2.0373425182599627,-6.924952053543422
0.15,1.25,0.15000000000000002,1.02,0.169367236053357,-2.1452490285497046,-3.8729071015250778
0.15,1.25,0.15000000000000002,1.04,0.12588766997528675,-2.19280051108195,-0.9019899692426003
0.15,1.25,0.15000000000000002,1.06,0.08204216470433646,-2.1823564404324522,1.9149810579607784
0.15,1.25,0.15000000000000002,1.08,0.03895530021008082,-2.1176705856942935,4.511869626112879
0.15,1.25,0.15000000000000002,1.1,-0.002336065080951291,-2.0037300881379947,6.831878811130288
0.15,1.25,0.15000000000000002,1.12,-0.04090544251300971,-1.8465467026955367,8.829625625241002
0.15,1.25,0.15000000000000002,1.1400000000000001,-0.07595482503565679,-1.6529145700868804,10.472385857484612
0.15,1.25,0.15000000000000002,1.16,-0.10682776533784628,-1.4301521734979517,11.740428754449383
0.15,1.25,0.15000000000000002,1.18,-0.13301728413261785,-1.1858462740267066,12.626520239221563
0.15,1.25,0.15000000000000002,1.2,-0.15416880510016212,-0.9276123651150693,13.134787777623357
0.15,1.25,0.15000000000000002,1.22,-0.17007855292112786,-0.6628822908374793,13.279196535748973
0.15,1.25,0.15000000000000002,1.24,-0.18068802364108372,-0.39872410010408244,13.081881425836864
0.15,1.25,0.15000000000000002,1.26,-0.18607518489164562,-0.14169503622146443,12.571530331968054
0.15,1.25,0.15000000000000002,1.28,-0.18644304802664852,0.10227469032469233,11.781940044234277
0.15,1.25,0.15000000000000002,1.3,-0.1821061921622258,0.3279715442109086,10.750789068765016
0.15,1.25,0.15000000000000002,1.32,-0.17347572459262822,0.5309656344813487,9.51860852359612
0.15,1.25,0.15000000000000002,1.34,-0.16104309996401017,0.7076587195005367,8.127890032606773
0.15,1.25,0.15000000000000002,1.36,-0.14536315044708722,0.855315059014688,6.622254886816604
0.15,1.25,0.15000000000000002,1.3800000000000001,-0.12703666419612042,0.9720756913399526,5.04561684129889
0.15,1.25,0.15000000000000002,1.4000000000000001,-0.10669285148215135,1.0569555233360814,3.441296634425351
0.15,1.25,0.15000000000000002,1.42,-0.08497204616869242,1.1098221294144164,1.851079774820258
0.15,1.25,0.15000000000000002,1.44,-0.06250902405152883,1.1313553464092345,0.31424391935813034
0.15,1.25,0.15000000000000002,1.46,-0.039917325630360725,1.1229874927851198,-1.1333917745709967
0.15,1.25,0.15000000000000002,1.48,-0.017774950418860076,1.0868254412744063,-2.460330926685687
0.15,1.25,0.15000000000000002,1.5,0.0033882082918428418,1.025556596341907,-3.6401103861214894
0.15,1.25,0.15000000000000002,1.52,0.02310093469361927,0.9423428924773648,-4.6518097335005875
0.15,1.25,0.15000000000000002,1.54,0.04095905342554033,0.8407067400526024,-5.480328966663
0.15,1.25,0.15000000000000002,1.56,0.05663146440220382,0.7244138047783129,-6.116431069694724
0.15,1.25,0.15000000000000002,1.58,0.06986384443905304,0.5973571209224843,-6.5565698101902
0.15,1.25,0.15000000000000002,1.6,0.08048007659530144,0.46344654472555114,-6.802538790333354
0.15,1.25,0.15000000000000002,1.62,0.08838155067784646,0.3265066382836731,-6.860986729814631
0.15,1.25,0.15000000000000002,1.6400000000000001,0.09354452236279695,0.19018514920828045,-6.742843765054325
0.15,1.25,0.15000000000000002,1.6600000000000001,0.09601576154640439,0.05787356549366785,-6.462698763438048
0.15,1.25,0.15000000000000002,1.68,0.09590673831070319,-0.06735963650052637,-6.038157441067191
0.15,1.25,0.15000000000000002,1.7,0.09338660214407966,-0.18282291207931145,-5.489200657290314
0.15,1.25,0.15000000000000002,1.72,0.08867421050793871,-0.28624281383021943,-4.837553556210381
0.15,1.25,0.15000000000000002,1.74,0.08202945950012216,-0.37579269611692245,-4.106069963829183
0.15,1.25,0.15000000000000002,1.76,0.07374416216147522,-0.45010927500240794,-3.31813385564892
0.15,1.25,0.15000000000000002,1.78,0.06413271415787769,-0.5082974033755354,-2.497080237116574
0.15,1.25,0.15000000000000002,1.8,0.05352277832242879,-0.5499234967428827,-1.6656403652297602
0.15,1.25,0.15000000000000002,1.82,0.04224620958926049,-0.5749981750524173,-0.8454197522899711
0.15,1.25,0.15000000000000002,1.84,0.03063042873074773,-0.5839488864251238,-0.05642051946392268
0.15,1.25,0.15000000000000002,1.86,0.0189904355536296,-0.5775835321955003,0.6833786043496293
0.15,1.25,0.15000000000000002,1.8800000000000001,0.007621629065144159,-0.5570463784914934,1.3583715465705797
0.15,1.25,0.15000000000000002,1.9000000000000001,-0.0032064260192536114,-0.5237677837808632,1.955592514934985
0.15,1.25,0.15000000000000002,1.92,-0.01325517923038164,-0.47940945215113995,2.464894843701338
0.15,1.25,0.15000000000000002,1.94,-0.022321151393247605,-0.42580702692073574,2.8790388399830746
0.15,1.25,0.15000000000000002,1.96,-0.03023882900502456,-0.3649118083489038,3.1936907403621166
0.15,1.25,0.15000000000000002,1.98,-0.03688240155891255,-0.2987333414481014,3.407340034006995
0.15,1.25,0.15000000000000002,2.0,-0.04216637033777769,-0.22928438296718118,3.521144775321939
0.15,3.75,0.05,0.0,1.5707963267948966,3.75,-69.56666666666668
0.15,3.75,0.05,0.02,1.6319903176726047,2.3749186321865206,-67.91638484981134
0.15,3.75,0.05,0.04,1.6660179625683345,1.033403535311983,-66.25195398476829
0.15,3.75,0.05,0.06,1.6735392333552934,-0.27626220308617305,-64.74816091162786
0.15,3.75,0.05,0.08,1.6551546197193427,-1.5578325144683074,-63.43650923489932
0.15,3.75,0.05,0.1,1.611392064272657,-2.8143768061762793,-62.21903200578627
0.15,3.75,0.05,0.12,1.542745802783853,-4.045800452336829,-60.87893844804401
0.15,3.75,0.05,0.14,1.4497627071151107,-5.246575561579004,-59.09202930725434
0.15,3.75,0.05,0.16,1.3331713141789334,-6.403772094729965,-56.44694299767686
0.15,3.75,0.05,0.18,1.1940450754009195,-7.495668484154768,-52.484634771617706
0.15,3.75,0.05,0.2,1.0339837129853933,-8.491424066926259,-46.766121255114655
0.15,3.75,0.05,0.22,0.855285552503811,-9.352408812923512,-38.96962552381879
0.15,3.75,0.05,0.24,0.6610724488964809,-10.03566477165271,-29.002489013891775
0.15,3.75,0.05,0.26,0.45532368133601314,-10.499483573585573,-17.093756029009928
0.15,3.75,0.05,0.28,0.24278333550325015,-10.710264258786419,-3.8222104924820997
0.15,3.75,0.05,0.3,0.028731123271828155,-10.648983554227858,9.95344699064178
0.15,3.75,0.05,0.32,-0.18135558955156916,-10.31529258271149,23.257182730676433
0.15,3.75,0.05,0.34,-0.38218526293322663,-9.727831993428364,35.19956410485482
0.15,3.75,0.05,0.36,-0.5690021453458783,-8.920676158061017,45.14883862349367
0.15,3.75,0.05,0.38,-0.7378362254129298,-7.937186865084939,52.812921466809215
0.15,3.75,0.05,0.4,-0.8856207314949873,-6.823251094938261,58.221129430288585
0.15,3.75,0.05,0.42,-1.0101834442427269,-5.621660247121191,61.63547173747255
0.15,3.75,0.05,0.44,-1.1101457525886442,-4.36858766248,63.4369183239777
0.15,3.75,0.05,0.46,-1.1847736908926305,-3.092270373807966,64.02332423746051
0.15,3.75,0.05,0.48,-1.2338212267619588,-1.8134518656683718,63.736792702198166
0.15,3.75,0.05,0.5,-1.257394787522651,-0.5469603023049626,62.82212540325484
0.15,3.75,0.05,0.52,-1.2558558922099896,0.6961412521487056,61.40979970477585
0.15,3.75,0.05,0.54,-1.2297689620868901,1.9062429189435521,59.51566802178287
0.15,3.75,0.05,0.56,-1.1798946007955144,3.0729908775260233,57.05217281130694
0.15,3.75,0.05,0.58,-1.1072239258520882,4.183413484405527,53.849500588982856
0.15,3.75,0.05,0.6,-1.0130454056936762,5.220578998390084,49.68783277030419
0.15,3.75,0.05,0.62,-0.8990312968135954,6.163023437016102,44.342371066909344
0.15,3.75,0.05,0.64,-0.7673256578497661,6.9852033679888805,37.64018087746386
0.15,3.75,0.05,0.66,-0.6206114321924536,7.659153181792575,29.522067291429654
0.15,3.75,0.05,0.68,-0.4621323342822497,8.157318318361622,20.09541177162032
0.15,3.75,0.05,0.7000000000000001,-0.29564902567595597,8.456199347959886,9.659217828069586
0.15,3.75,0.05,0.72,-0.12532013530859767,8.540078843116587,-1.3144758542188786
0.15,3.75,0.05,0.74,0.044484359523179015,8.403899419841917,-12.24598372196226
0.15,3.75,0.05,0.76,0.20941170546786758,8.054476555783953,-22.545064274591375
0.15,3.75,0.05,0.78,0.3653590936041794,7.50969147582046,-31.710521629581052
0.15,3.75,0.05,0.8,0.5086717285825697,6.795925231293784,-39.401977439303465
0.15,3.75,0.05,0.8200000000000001,0.636278104220104,5.944499652761517,-45.46607169475286
0.15,3.75,0.05,0.84,0.7457519971249281,4.988058355931976,-49.91778299848889
0.15,3.75,0.05,0.86,0.8353081339346923,3.957653393434877,-52.891707769958906
0.15,3.75,0.05,0.88,0.9037503571436911,2.8809436660030165,-54.582732137621704
0.15,3.75,0.05,0.9,0.9503954897018431,1.7815484480436528,-55.19191337660425
0.15,3.75,0.05,0.92,0.9749942507995139,0.6793523954227305,-54.886328482254115
0.15,3.75,0.05,0.9400000000000001,0.9776652133640491,-0.40855060932015697,-53.77538036219874
0.15,3.75,0.05,0.96,0.9588513186649265,-1.4665968730677033,-51.902456172426795
0.15,3.75,0.05,0.98,0.9193023573109553,-2.479460518060343,-49.249736110626486
0.15,3.75,0.05,1.0,0.8600815612317209,-3.430972065832419,-45.75419243390748
0.15,3.75,0.05,1.02,0.7825899599343978,-4.3034551806168695,-41.33311968857413
0.15,3.75,0.05,1.04,0.6885983637868007,-5.077651840603359,-35.91695765477492
0.15,3.75,0.05,1.06,0.5802739735057764,-5.7333453265105625,-29.485368051491704
0.15,3.75,0.05,1.08,0.46018740829546,-6.250684371973851,-22.099983297560925
0.15,3.75,0.05,1.1,0.3312873400648344,-6.612058862274883,-13.925313640382829
0.15,3.75,0.05,1.12,0.19683464933701633,-6.804205895271486,-5.229793271903625
0.15,3.75,0.05,1.1400000000000001,0.0602958126198299,-6.820100575676916,3.636932343916962
0.15,3.75,0.05,1.16,-0.0747954955231398,-6.6601749681526385,12.28726016794262
0.15,3.75,0.05,1.18,-0.20499163786995273,-6.332549631674677,20.348923082616228
0.15,3.75,0.05,1.2,-0.32707826705452026,-5.852217504928311,27.514016720254777
0.15,3.75,0.05,1.22,-0.4381964017440583,-5.239399051983706,33.571229990026694
0.15,3.75,0.05,1.24,-0.5359266467906075,-4.517478158859246,38.41514443378973
0.15,3.75,0.05,1.26,-0.6183317740925705,-3.710974297882165,42.03415569310552
0.15,3.75,0.05,1.28,-0.6839622631076855,-2.84391319848426,44.48413797089749
0.15,3.75,0.05,1.3,-0.731835012784199,-1.93879181438154,45.856842035169585
0.15,3.75,0.05,1.32,-0.7613976267894833,-1.0161612685520633,46.250740044872316
0.15,3.75,0.05,1.34,-0.7724897436578473,-0.09472515130817949,45.749250391266656
0.15,3.75,0.05,1.36,-0.7653100826326863,0.8082206412098765,44.4085237980904
0.15,3.75,0.05,1.3800000000000001,-0.7403940659934473,1.6762025654521089,42.2550104507059
0.15,3.75,0.05,1.4000000000000001,-0.6986030147513874,2.493025939447156,39.29188868414853
0.15,3.75,0.05,1.42,-0.641122423652187,3.242435905404499,35.51272973650584
0.15,3.75,0.05,1.44,-0.5694639071685853,3.9081052241462584,30.920074334431586
0.15,3.75,0.05,1.46,-0.485463498787807,4.474016790124686,25.545710658204555
0.15,3.75,0.05,1.48,-0.3912683329209464,4.925235029452123,19.468539219866358
0.15,3.75,0.05,1.5,-0.2893047152114147,5.248972612975923,12.82550630654547
0.15,3.75,0.05,1.52,-0.18222332675088815,5.4357736794993645,5.811812865175066
0.15,3.75,0.05,1.54,-0.0728215616479015,5.480577715465515,-1.3312088141269935
0.15,3.75,0.05,1.56,0.03605224080210163,5.383428868673304,-8.338893445971859
0.15,3.75,0.05,1.58,0.14160370215008658,5.149661302427811,-14.951809762801426
0.15,3.75,0.05,1.6,0.24119524234260709,4.789511104674071,-20.943348022771918
0.15,3.75,0.05,1.62,0.3324360445497944,4.317240684880531,-26.14000604576843
0.15,3.75,0.05,1.6400000000000001,0.413251148686408,3.749965152950078,-30.430542808744335
0.15,3.75,0.05,1.6600000000000001,0.4819260322827194,3.106413030215567,-33.7636001372705
0.15,3.75,0.05,1.68,0.5371275390355729,2.405830245090592,-36.136371824391176
0.15,3.75,0.05,1.7,0.5779055439549242,1.6671657922235974,-37.57851687343631
0.15,3.75,0.05,1.72,0.6036816462473126,0.9085901536692194,-38.135635691040726
0.15,3.75,0.05,1.74,0.6142313850736117,0.1473191710355272,-37.85570709277308
0.15,3.75,0.05,1.76,0.6096653328628632,-0.6003387078714273,-36.780546958735634
0.15,3.75,0.05,1.78,0.5904124615195998,-1.3188220356063893,-34.943064596454086
0.15,3.75,0.05,1.8,0.5572068832743138,-1.9931575917705444,-32.37005453814893
0.15,3.75,0.05,1.82,0.5110768877264001,-2.6089044790525775,-29.08945671651153
0.15,3.75,0.05,1.84,0.45333343008624377,-3.152274313674095,-25.1403636716485
0.15,3.75,0.05,1.86,0.3855541373169529,-3.6104605425023593,-20.58352865876054
0.15,3.75,0.05,1.8800000000000001,0.3095587209043387,-3.972161929148007,-15.509835610968565
0.15,3.75,0.05,1.9000000000000001,0.2273724863938777,-4.228234518039881,-10.044326172041512
0.15,3.75,0.05,1.92,0.1411763853864518,-4.372364906116067,-4.3441130024359085
0.15,3.75,0.05,1.94,0.05324445748188951,-4.40163638619617,1.4101646607514517
0.15,3.75,0.05,1.96,-0.03412796267870364,-4.316869059425262,7.028056692586745
0.15,3.75,0.05,1.98,-0.11869988079208041,-4.122655542452813,12.325483813759016
0.15,3.75,0.05,2.0,-0.19835775994912686,-3.827076640759177,17.140002539252965
0.15,3.75,0.15000000000000002,0.0,1.5707963267948966,3.75,-77.9
0.15,3.75,0.15000000000000002,0.02,1.6305615308025476,2.2436640630025844,-72.76211450905276
0.15,3.75,0.15000000000000002,0.04,1.6612115271415475,0.8374684824168299,-67.9244241613767
0.15,3.75,0.15000000000000002,0.06,1.6646769042371334,-0.47626555705637147,-63.52445625169932
0.15,3.75,0.15000000000000002,0.08,1.6427183490119968,-1.706326684652634,-59.543167469398206
0.15,3.75,0.15000000000000002,0.1,1.5969329582786704,-2.85989653159694,-55.84467469433296
0.15,3.75,0.15000000000000002,0.12,1.5288075608732894,-3.940533837780698,-52.207243730842606
0.15,3.75,0.15000000000000002,0.14,1.439806516123171,-4.946731650550413,-48.35061889474494
0.15,3.75,0.15000000000000002,0.16,1.3314828331167434,-5.871037261462181,-43.9660366369811
0.15,3.75,0.15000000000000002,0.18,1.2056004062747896,-6.699846277640492,-38.754298218813574
0.15,3.75,0.15000000000000002,0.2,1.0642520662799952,-7.414060111496713,-32.47394673778449
0.15,3.75,0.15000000000000002,0.22,0.9099543504804092,-7.990782028090677,-24.995772103499363
0.15,3.75,0.15000000000000002,0.24,0.745697489376171,-8.406080796634239,-16.35260792017386
0.15,3.75,0.15000000000000002,0.26,0.5749312940836819,-8.638566741798442,-6.767801955167872
0.15,3.75,0.15000000000000002,0.28,0.4014761019109536,-8.67318445535029,3.3537665172150994
0.15,3.75,0.15000000000000002,0.3,0.22936260957040364,-8.504383260689123,13.478804797983251
0.15,3.75,0.15000000000000002,0.32,0.06262152560766554,-8.137848499893195,23.03339005280575
0.15,3.75,0.15000000000000002,0.34,-0.09494267624910932,-7.590325783826666,31.50101269581279
0.15,3.75,0.15000000000000002,0.36,-0.23995568485886828,-6.8876282484273785,38.50169743950666
0.15,3.75,0.15000000000000002,0.38,-0.3696240067612271,-6.061436299212181,43.831509353304114
0.15,3.75,0.15000000000000002,0.4,-0.4818167248750732,-5.145752347183698,47.45820325183597
0.15,3.75,0.15000000000000002,0.42,-0.5750796690352149,-4.173800071109275,49.48383459125674
0.15,3.75,0.15000000000000002,0.44,-0.6485963688436018,-3.17585349173219,50.092251791152414
0.15,3.75,0.15000000000000002,0.46,-0.7021162360347039,-2.1781252302956964,49.498015321403734
0.15,3.75,0.15000000000000002,0.48,-0.7358700569101129,-1.2025693477455177,47.90715931349612
0.15,3.75,0.15000000000000002,0.5,-0.7504883660943954,-0.2673141565403627,45.49358629206871
0.15,3.75,0.15000000000000002,0.52,-0.7469321678549595,0.6125841929948485,42.39021475489475
0.15,3.75,0.15000000000000002,0.54,-0.7264396740187252,1.4243331722411166,38.691710464531134
0.15,3.75,0.15000000000000002,0.56,-0.690488080705835,2.1567343394379286,34.46503083457391
0.15,3.75,0.15000000000000002,0.58,-0.6407662855030377,2.7997726517826766,29.76419197491586
0.15,3.75,0.15000000000000002,0.6,-0.5791527534137896,3.3445159626621996,24.64601773164538
0.15,3.75,0.15000000000000002,0.62,-0.5076923225319363,3.7833147380829835,19.18394148561573
0.15,3.75,0.15000000000000002,0.64,-0.42856651669693013,4.110236683321003,13.477318187746627
0.15,3.75,0.15000000000000002,0.66,-0.3440537031285604,4.321626417334793,7.654390302584867
0.15,3.75,0.15000000000000002,0.68,-0.25647793391867607,4.416653808366619,1.8681836258674522
0.15,3.75,0.15000000000000002,0.7000000000000001,-0.1681480870816116,4.397714541213217,-3.7139109492339095
0.15,3.75,0.15000000000000002,0.72,-0.08129139880858847,4.270576652883724,-8.924651543258477
0.15,3.75,0.15000000000000002,0.74,0.002012912799257749,4.04422178837165,-13.612383702743724
0.15,3.75,0.15000000000000002,0.76,0.07989386726159024,3.7303961559636454,-17.654155927897335
0.15,3.75,0.15000000000000002,0.78,0.150737621282155,3.342943433535383,-20.964094722961583
0.15,3.75,0.15000000000000002,0.8,0.213221733019119,2.8970273391975896,-23.496036560852055
0.15,3.75,0.15000000000000002,0.8200000000000001,0.2663337168558858,2.4083561037973227,-25.240884829818597
0.15,3.75,0.15000000000000002,0.84,0.3093749005609234,1.8925002739038055,-26.220232346400543
0.15,3.75,0.15000000000000002,0.86,0.3419520598068095,1.3643589541348002,-26.47823387827997
0.15,3.75,0.15000000000000002,0.88,0.363960026745776,0.837790361245023,-26.073572055884828
0.15,3.75,0.15000000000000002,0.9,0.37555843877726175,0.32539056525169197,-25.072838785483622
0.15,3.75,0.15000000000000002,0.92,0.37714525314880243,-0.16161564274653445,-23.545999179106406
0.15,3.75,0.15000000000000002,0.9400000000000001,0.36932884034836366,-0.6134149680469446,-21.564003938399615
0.15,3.75,0.15000000000000002,0.96,0.3528996223524703,-1.0216166779783855,-19.198171384645597
0.15,3.75,0.15000000000000002,0.98,0.3288015273402001,-1.379263811067153,-16.520701913369372
0.15,3.75,0.15000000000000002,1.0,0.2981030772939561,-1.6808599599120513,-13.605602435466297
0.15,3.75,0.15000000000000002,1.02,0.26196776194895555,-1.922413037569773,-10.529358307014453
0.15,3.75,0.15000000000000002,1.04,0.22162344750288224,-2.101485613078913,-7.370860867912355
0.15,3.75,0.15000000000000002,1.06,0.17833085573103802,-2.2172341055672384,-4.2103391099802465
0.15,3.75,0.15000000000000002,1.08,0.1333515401816897,-2.2704165476633613,-1.1273109184861294
0.15,3.75,0.15000000000000002,1.1,0.08791617222912411,-2.263351499586882,1.802191310307732
0.15,3.75,0.15000000000000002,1.12,0.043194231418454965,-2.199817636728052,4.508701062155804
0.15,3.75,0.15000000000000002,1.1400000000000001,0.000266317855067439,-2.0848926874886593,6.932225104113343
0.15,3.75,0.15000000000000002,1.16,-0.03989976835525144,-1.9247396033217103,9.024551214272632
0.15,3.75,0.15000000000000002,1.18,-0.07646826448458133,-1.7263551054466866,10.750669112207653
0.15,3.75,0.15000000000000002,1.2,-0.1087494349801437,-1.497299704083146,12.089201655524157
0.15,3.75,0.15000000000000002,1.22,-0.13620813909107649,-1.2454284796207036,13.031921552226338
0.15,3.75,0.15000000000000002,1.24,-0.15846716091405366,-0.9786390106415446,13.582561305040015
0.15,3.75,0.15000000000000002,1.26,-0.1753057722236635,-0.7046479752627284,13.755190322552544
0.15,3.75,0.15000000000000002,1.28,-0.18665416495602158,-0.4308021514987529,13.572430348117324
0.15,3.75,0.15000000000000002,1.3,-0.19258445895853482,-0.1639248701512782,13.06372843713365
0.15,3.75,0.15000000000000002,1.32,-0.1932989748904836,0.08980476208549265,12.263825247159945
0.15,3.75,0.15000000000000002,1.34,-0.18911638047447984,0.32494447274378147,11.211469909689947
0.15,3.75,0.15000000000000002,1.36,-0.1804562267573828,0.5368580750658988,9.948361136100083
0.15,3.75,0.15000000000000002,1.3800000000000001,-0.16782229770997736,0.7217652627841711,8.518246607189973
0.15,3.75,0.15000000000000002,1.4000000000000001,-0.1517851388831395,0.8767742544270402,6.966094509893253
0.15,3.75,0.15000000000000002,1.42,-0.13296409777254325,0.9998979172803256,5.337258595235236
0.15,3.75,0.15000000000000002,1.44,-0.11200921210336898,1.0900526716353858,3.6765856777396593
0.15,3.75,0.15000000000000002,1.46,-0.08958330330367323,1.1470388254402746,2.027452188580486
0.15,3.75,0.15000000000000002,1.48,-0.06634465987001174,1.1715011093993002,0.4307547009718373
0.15,3.75,0.15000000000000002,1.5,-0.04293071211804946,1.1648690108010382,-1.0760904944190934
0.15,3.75,0.15000000000000002,1.52,-0.01994309659411964,1.1292777716550437,-2.4600671776945005
0.15,3.75,0.15000000000000002,1.54,0.0020655254293216463,1.067472400573727,-3.6933266022688214
0.15,3.75,0.15000000000000002,1.56,0.022602588752912565,0.9826983611659837,-4.753744647681783
0.15,3.75,0.15000000000000002,1.58,0.041244462716730185,0.878583532085149,-5.625234943355386
0.15,3.75,0.15000000000000002,1.6,0.0576428837871716,0.7590164110741191,-6.29781197167324
0.15,3.75,0.15000000000000002,1.62,0.07152895545966687,0.6280254253177988,-6.767423717315038
0.15,3.75,0.15000000000000002,1.6400000000000001,0.08271478141776108,0.48966356884151896,-7.035592263097901
0.15,3.75,0.15000000000000002,1.6600000000000001,0.09109287327886953,0.34790174814370783,-7.1089107253308015
0.15,3.75,0.15000000000000002,1.68,0.0966335333227766,0.20653322163756685,-6.99844593400814
0.15,3.75,0.15000000000000002,1.7,0.09938045014465191,0.06909055731156508,-6.719089919406331
0.15,3.75,0.15000000000000002,1.72,0.09944476262816435,-0.06122421210319705,-6.288892624374989
0.15,3.75,0.15000000000000002,1.74,0.09699786395248364,-0.18159608297241053,-5.728397225947183
0.15,3.75,0.15000000000000002,1.76,0.0922632053329333,-0.2896404079005118,-5.059988489482923
0.15,3.75,0.15000000000000002,1.78,0.08550736094721935,-0.3834333481375113,-4.307258189049324
0.15,3.75,0.15000000000000002,1.8,0.07703061473343042,-0.46152981028250484,-3.4943888329554844
0.15,3.75,0.15000000000000002,1.82,0.06715731082103289,-0.52296926825603,-2.645556515263328
0.15,3.75,0.15000000000000002,1.84,0.05622619117810248,-0.5672698343206652,-1.7843562580621857
0.15,3.75,0.15000000000000002,1.86,0.04458099183127182,-0.5944111886356835,-0.9332605585743334
0.15,3.75,0.15000000000000002,1.8800000000000001,0.03256145612587385,-0.6048070181883266,-0.11311955338424218
0.15,3.75,0.15000000000000002,1.9000000000000001,0.02049502049120605,-0.5992681079856081,0.6572798543062301
0.15,3.75,0.15000000000000002,1.92,0.008689285115102884,-0.5789570715554481,1.3615848098254353
0.15,3.75,0.15000000000000002,1.94,-0.0025744791291312137,-0.545336889945591,1.9861603822050597
0.15,3.75,0.15000000000000002,1.96,-0.013046799441490975,-0.5001143375722247,2.520284268727029
0.15,3.75,0.15000000000000002,1.98,-0.02251428317868142,-0.4451806120566166,2.9562451021487877
0.15,3.75,0.15000000000000002,2.0,-0.03080270258749428,-0.3825509087450577,3.2893478988874465
0.25,1.25,0.05,0.0,1.5707963267948966,1.25,-40.07333333333334
0.25,1.25,0.05,0.02,1.5878174425664315,0.45390018098903834,-39.53691598323765
0.25,1.25,0.05,0.04,1.589023332088252,-0.33156287330489675,-39.01244003549568
0.25,1.25,0.05,0.06,1.5746237340293983,-1.1066966963631237,-38.501914788490204
0.25,1.25,0.05,0.08,1.5448237400688984,-1.871563204403929,-37.97905677443146
0.25,1.25,0.05,0.1,1.4998342492914096,-2.625429523157715,-37.39095630904895
0.25,1.25,0.05,0.12,1.439893099430619,-3.3662546464006873,-36.660108497929976
0.25,1.25,0.05,0.14,1.3652959358720869,-4.090226104643101,-35.687533709451415
0.25,1.25,0.05,0.16,1.2764356435897526,-4.791377910558606,-34.35795018088077
0.25,1.25,0.05,0.18,1.1738481870943793,-5.461341024596478,-32.54800579625311
0.25,1.25,0.05,0.2,1.058261545574067,-6.089295551478996,-30.138297685975438
0.25,1.25,0.05,0.22,0.9306429695025569,-6.662201712264933,-27.0291755941186
0.25,1.25,0.05,0.24,0.7922381855003813,-7.165376781757896,-23.159090885430015
0.25,1.25,0.05,0.26,0.6445954286688242,-7.583440882808257,-18.522711530078706
0.25,1.25,0.05,0.28,0.4895671054922193,-7.901590292951642,-13.184643265382473
0.25,1.25,0.05,0.3,0.32928378768615923,-8.107061807240582,-7.284149567755067
0.25,1.25,0.05,0.32,0.16609876490614248,-8.19057075612164,-1.0274070198393321
0.25,1.25,0.05,0.34,0.0025062717370801096,-8.14746160153581,5.333295067685987
0.25,1.25,0.05,0.36,-0.15895840110228898,-7.978335566072443,11.530183131007135
0.25,1.25,0.05,0.38,-0.31582486017520006,-7.689019556913475,17.313982143995744
0.25,1.25,0.05,0.4,-0.46578632025229505,-7.289886396374944,22.483608599461107
0.25,1.25,0.05,0.42,-0.6067793931343175,-6.79467756864759,26.905403437376318
0.25,1.25,0.05,0.44,-0.7370373516438007,-6.219072474313653,30.51913981358013
0.25,1.25,0.05,0.46,-0.8551144424385687,-5.579263968539368,33.331818762008545
0.25,1.25,0.05,0.48,-0.9598835751974835,-4.890750649076846,35.40295722363413
0.25,1.25,0.05,0.5,-1.0505131493604436,-4.167469416545822,36.82601491591165
0.25,1.25,0.05,0.52,-1.1264302828215293,-3.4213035450869325,37.710012679402695
0.25,1.25,0.05,0.54,-1.1872777245797967,-2.6619330135226353,38.16398386515149
0.25,1.25,0.05,0.56,-1.2328706249601271,-1.896956900245239,38.28539573804224
0.25,1.25,0.05,0.58,-1.2631578009178785,-1.1322070935451722,38.15253781639802
0.25,1.25,0.05,0.6,-1.2781905737485295,-0.37217935367782845,37.820243077902376
0.25,1.25,0.05,0.62,-1.2781008669143468,0.37947610417893207,37.31812392275587
0.25,1.25,0.05,0.64,-1.2630893826213394,1.1194483481981874,36.65062113976522
0.25,1.25,0.05,0.66,-1.2334237710709715,1.8442744168348233,35.79843188945682
0.25,1.25,0.05,0.68,-1.1894462599607172,2.54988909947972,34.72119091599678
0.25,1.25,0.05,0.7000000000000001,-1.13158966677434,3.2312418907096543,33.36154260747801
0.25,1.25,0.05,0.72,-1.060400148648456,3.882011658316295,31.650894802038337
0.25,1.25,0.05,0.74,-0.9765643859961531,4.4944555642443245,29.517126771491938
0.25,1.25,0.05,0.76,-0.8809381050108981,5.059432329973125,26.894279734103563
0.25,1.25,0.05,0.78,-0.7745720844012852,5.566635781635638,23.733769626906113
0.25,1.25,0.05,0.8,-0.6587312009266825,6.005058986586699,20.015981381824794
0.25,1.25,0.05,0.8200000000000001,-0.5349019328501589,6.363679257393478,15.76039900573124
0.25,1.25,0.05,0.84,-0.40478434805571684,6.632312071095387,11.031976804728412
0.25,1.25,0.05,0.86,-0.27026610858810396,6.802536141583685,5.941580903612159
0.25,1.25,0.05,0.88,-0.1333783469929602,6.868556420667381,0.6392245911217271
0.25,1.25,0.05,0.9,0.0037638801998111865,6.827860549683896,-4.699601343436797
0.25,1.25,0.05,0.92,0.13903116344871044,6.681549111004097,-9.892390142308557
0.25,1.25,0.05,0.9400000000000001,0.2703520721773892,6.4342772807483035,-14.76937390973292
0.25,1.25,0.05,0.96,0.39578049297156076,6.093821401494223,-19.190684522851075
0.25,1.25,0.05,0.98,0.5135511904671483,5.670354831484647,-23.05780650306209
0.25,1.25,0.05,1.0,0.62211907420802,5.175566200664261,-26.317821930463207
0.25,1.25,0.05,1.02,0.7201804573979148,4.621763679027168,-28.960753540710385
0.25,1.25,0.05,1.04,0.8066773114489126,4.021088002366483,-31.011698944325442
0.25,1.25,0.05,1.06,0.8807875916034581,3.384915575707054,-32.52008582597913
0.25,1.25,0.05,1.08,0.9419058467285347,2.723486289962889,-33.54828735788662
0.25,1.25,0.05,1.1,0.98961861683591,2.045750786500675,-34.16127946771971
0.25,1.25,0.05,1.12,1.0236787203012327,1.3594055077271447,-34.418312137469016
0.25,1.25,0.05,1.1400000000000001,1.0439817528088715,0.6710708196194675,-34.36694782108234
0.25,1.25,0.05,1.16,1.0505471817281753,-0.013435033321611334,-34.03940913979762
0.25,1.25,0.05,1.18,1.0435055166080687,-0.6887700650872071,-33.45098763526047
0.25,1.25,0.05,1.2,1.0230921762686667,-1.3497290699834856,-32.60024309947819
0.25,1.25,0.05,1.22,0.9896480083234848,-1.990924396365067,-31.47079584873486
0.25,1.25,0.05,1.24,0.9436257351826834,-2.606517521318869,-30.03460445255841
0.25,1.25,0.05,1.26,0.8856010102340379,-3.1900305010653023,-28.256666881257658
0.25,1.25,0.05,1.28,0.8162862184075843,-3.734264882362486,-26.101035544982278
0.25,1.25,0.05,1.3,0.7365446202580336,-4.231351963827162,-23.537870298493914
0.25,1.25,0.05,1.32,0.6474020340077092,-4.67295014788913,-20.550978298303185
0.25,1.25,0.05,1.34,0.5500530730592966,-5.050590930687151,-17.144961670250233
0.25,1.25,0.05,1.36,0.44585911547705026,-5.356154455992754,-13.350819880558603
0.25,1.25,0.05,1.3800000000000001,0.33633580958858245,-5.582431246144934,-9.228773184368126
0.25,1.25,0.05,1.4000000000000001,0.2231290147174504,-5.72370399276195,-4.867308796899988
0.25,1.25,0.05,1.42,0.10797958015999554,-5.776268374088642,-0.3780440972519745
0.25,1.25,0.05,1.44,-0.00732100363336168,-5.738812296782183,4.113148480906675
0.25,1.25,0.05,1.46,-0.12098057554429055,-5.612590584582722,8.477432882489865
0.25,1.25,0.05,1.48,-0.2312574399561501,-5.401365617970261,12.59478394308163
0.25,1.25,0.05,1.5,-0.33650803510564387,-5.111124845730627,16.36418986014876
0.25,1.25,0.05,1.52,-0.4352271024265291,-4.74962431105562,19.71064150217004
0.25,1.25,0.05,1.54,-0.5260775950997476,-4.325832320564791,22.588065168161325
0.25,1.25,0.05,1.56,-0.607909141444385,-3.849355171017488,24.97825856864101
0.25,1.25,0.05,1.58,-0.6797654729768541,-3.3299179621038895,26.88662701443202
0.25,1.25,0.05,1.6,-0.7408824721754559,-2.7769528079831316,28.335921061343672
0.25,1.25,0.05,1.62,-0.7906793068845603,-2.1993217050232614,29.35923214908862
0.25,1.25,0.05,1.6400000000000001,-0.828745418399791,-1.605177989630604,29.99329889594118
0.25,1.25,0.05,1.6600000000000001,-0.8548260185641663,-1.0019517968448641,30.272850141111608
0.25,1.25,0.05,1.68,-0.8688083316101816,-0.39643541965992474,30.226383702403865
0.25,1.25,0.05,1.7,-0.8707102861096689,0.20506317094842053,29.87352350606073
0.25,1.25,0.05,1.72,-0.8606727065565689,0.7965295068624597,29.22393816209081
0.25,1.25,0.05,1.74,-0.8389554262525045,1.3720449541161708,28.27772477213312
0.25,1.25,0.05,1.76,-0.8059371932985366,1.9256104209403866,27.02713121294253
0.25,1.25,0.05,1.78,-0.7621186756129877,2.451016640077694,25.459466263355793
0.25,1.25,0.05,1.8,-0.7081274039341451,2.941782928339689,23.56099880407026
0.25,1.25,0.05,1.82,-0.6447231132059772,3.391181523290177,21.321555891718365
0.25,1.25,0.05,1.84,-0.5728016462891871,3.792357443738143,18.739395802269247
0.25,1.25,0.05,1.86,-0.49339549797815324,4.13854392872255,15.825785329698073
0.25,1.25,0.05,1.8800000000000001,-0.4076691863212929,4.423360829457535,12.608599493243211
0.25,1.25,0.05,1.9000000000000001,-0.3169080377499466,4.641169376494094,9.134250697571545
0.25,1.25,0.05,1.92,-0.22249963126578937,4.787444017421262,5.467395631957091
0.25,1.25,0.05,1.94,-0.12590802843448273,4.859113780233898,1.6881783600639895
0.25,1.25,0.05,1.96,-0.02864188603703202,4.854825251501361,-2.1127962209694684
0.25,1.25,0.05,1.98,0.06778156598938023,4.775087174305031,-5.841103934851198
0.25,1.25,0.05,2.0,0.16187404939618502,4.622274481388545,-9.4057501500193
0.25,1.25,0.15000000000000002,0.0,1.5707963267948966,1.25,-41.74
0.25,1.25,0.15000000000000002,0.02,1.5875587954977581,0.43172164265115986,-40.09793057977967
0.25,1.25,0.15000000000000002,0.04,1.5882797227844223,-0.354386703881442,-38.52522951656442
0.25,1.25,0.15000000000000002,0.06,1.5735882534612955,-1.1097456385164672,-37.02035578802091
0.25,1.25,0.15000000000000002,0.08,1.5440872871712665,-1.8354697994417462,-35.555064858860206
0.25,1.25,0.15000000000000002,0.1,1.5003646200402976,-2.531880057678268,-34.0789526430429
0.25,1.25,0.15000000000000002,0.12,1.4430129842278807,-3.198104250708093,-32.52386039800266
0.25,1.25,0.15000000000000002,0.14,1.3726571275839532,-3.8317690639534114,-30.80871419863712
0.25,1.25,0.15000000000000002,0.16,1.2899860564792966,-4.42879848224175,-28.845419326342192
0.25,1.25,0.15000000000000002,0.18,1.1957880284836944,-4.983344990586549,-26.5463098336487
0.25,1.25,0.15000000000000002,0.2,1.0909853068584094,-5.487887244706199,-23.833330018263496
0.25,1.25,0.15000000000000002,0.22,0.976665030463741,-5.933526143839282,-20.648589126978315
0.25,1.25,0.15000000000000002,0.24,0.8541020081162662,-6.310497565092254,-16.965232379839396
0.25,1.25,0.15000000000000002,0.26,0.7247691392244431,-6.608891573180348,-12.796870291458108
0.25,1.25,0.15000000000000002,0.28,0.5903317735264086,-6.819527569649097,-8.203368042901392
0.25,1.25,0.15000000000000002,0.3,0.45262375736144156,-6.934891025517106,-3.290913299014404
0.25,1.25,0.15000000000000002,0.32,0.3136051955559386,-6.9500028778319,1.7948583411840282
0.25,1.25,0.15000000000000002,0.34,0.175304647622187,-6.863083276936265,6.882391763873272
0.25,1.25,0.15000000000000002,0.36,0.039751116510687835,-6.675893661714613,11.792364274656643
0.25,1.25,0.15000000000000002,0.38,-0.09109702580924538,-6.393696819389618,16.35709884736602
0.25,1.25,0.15000000000000002,0.4,-0.2154185409442623,-6.024847697024366,20.437493164224676
0.25,1.25,0.15000000000000002,0.42,-0.3315845818647048,-5.58009662193047,23.934449649515244
0.25,1.25,0.15000000000000002,0.44,-0.4381981790748881,-5.0717328492762315,26.79333414430314
0.25,1.25,0.15000000000000002,0.46,-0.5341161803780821,-4.512707471489791,29.001734473425266
0.25,1.25,0.15000000000000002,0.48,-0.6184544610459111,-3.9158554912469663,30.582144225881652
0.25,1.25,0.15000000000000002,0.5,-0.6905792639351467,-3.2932962135885955,31.581837932254572
0.25,1.25,0.15000000000000002,0.52,-0.7500886526908408,-2.6560455332254223,32.06214125383599
0.25,1.25,0.15000000000000002,0.54,-0.7967883027766866,-2.01383433214338,32.088772787738606
0.25,1.25,0.15000000000000002,0.56,-0.8306654694907453,-1.3751005023842122,31.72424464027247
0.25,1.25,0.15000000000000002,0.58,-0.8518641547425174,-0.7471089230791207,31.0226870852346
0.25,1.25,0.15000000000000002,0.6,-0.8606635488373391,-0.13615103721127514,30.02702563707028
0.25,1.25,0.15000000000000002,0.62,-0.8574608862687958,0.4522201686372303,28.76820054802337
0.25,1.25,0.15000000000000002,0.64,-0.842759039700026,1.0129567276046103,27.266033940410473
0.25,1.25,0.15000000000000002,0.66,-0.8171585195655622,1.5413127777785451,25.531353628364503
0.25,1.25,0.15000000000000002,0.68,-0.7813530425496301,2.032693696773887,23.569016552884634
0.25,1.25,0.15000000000000002,0.7000000000000001,-0.7361274672545703,2.4825719142265807,21.38149936598611
0.25,1.25,0.15000000000000002,0.72,-0.6823566762707352,2.886477442854623,18.972721588695933
0.25,1.25,0.15000000000000002,0.74,-0.621003884214653,3.2400642135220026,16.351740417627312
0.25,1.25,0.15000000000000002,0.76,-0.5531169093760253,3.539245764108118,13.535925699844388
0.25,1.25,0.15000000000000002,0.78,-0.47982114721581276,3.7803859884188014,10.553217488714552
0.25,1.25,0.15000000000000002,0.8,-0.4023083620118486,3.960522723220968,7.443119339886031
0.25,1.25,0.15000000000000002,0.8200000000000001,-0.32182090432074273,4.077596645674923,4.2562030861165425
0.25,1.25,0.15000000000000002,0.84,-0.23963154747772958,4.130654997161867,1.0520967546521103
0.25,1.25,0.15000000000000002,0.86,-0.1570197478419348,4.120001371862418,-2.1038352966425196
0.25,1.25,0.15000000000000002,0.88,-0.07524564064289437,4.047269494778583,-5.144685522960595
0.25,1.25,0.15000000000000002,0.9,0.004476573155508937,3.9154092753846137,-8.006478694693719
0.25,1.25,0.15000000000000002,0.92,0.08100407857018625,3.72858583112805,-10.632296696449828
0.25,1.25,0.15000000000000002,0.9400000000000001,0.15328810582230892,3.4920042085931553,-12.975505263862072
0.25,1.25,0.15000000000000002,0.96,0.22039251816692593,3.2116817367524755,-15.001724398567488
0.25,1.25,0.15000000000000002,0.98,0.2815075443418944,2.894194715519864,-16.689424970343914
0.25,1.25,0.15000000000000002,1.0,0.3359584127862157,2.5464261245642494,-18.029266038560017
0.25,1.25,0.15000000000000002,1.02,0.38320914309711285,2.175336874873305,-19.022461563945132
0.25,1.25,0.15000000000000002,1.04,0.42286213513252213,1.7877762987698729,-19.678556284577308
0.25,1.25,0.15000000000000002,1.06,0.4546544324630154,1.3903397645135838,-20.012999210812396
0.25,1.25,0.15000000000000002,1.08,0.4784516198780377,0.9892739903927805,-20.044848704901188
0.25,1.25,0.15000000000000002,1.1,0.4942402630370532,0.5904248456871017,-19.794852614003965
0.25,1.25,0.15000000000000002,1.12,0.502119658177057,0.19921849682940615,-19.28404608076438
0.25,1.25,0.15000000000000002,1.1400000000000001,0.502293444268099,-0.1793350328351862,-18.53291634968502
0.25,1.25,0.15000000000000002,1.16,0.49506141872286497,-0.540627121323179,-17.56110850485799
0.25,1.25,0.15000000000000002,1.18,0.4808116732420015,-0.880434675820549,-16.38759036433491
0.25,1.25,0.15000000000000002,1.2,0.4600129896388774,-1.1949111876273344,-15.031158070594193
0.25,1.25,0.15000000000000002,1.22,0.43320729784870154,-1.480590154629815,-13.511142956126426
0.25,1.25,0.15000000000000002,1.24,0.4010019182776521,-1.7344034292605572,-11.848172982510707
0.25,1.25,0.15000000000000002,1.26,0.3640612854086618,-1.9537141573971537,-10.064847235560997
0.25,1.25,0.15000000000000002,1.28,0.3230978952981711,-2.1363612721938057,-8.18620027648892
0.25,1.25,0.15000000000000002,1.3,0.27886228481867115,-2.280710378700213,-6.239862578276121
0.25,1.25,0.15000000000000002,1.32,0.23213198716752226,-2.385704324677916,-4.255865110142634
0.25,1.25,0.15000000000000002,1.34,0.18369953707013156,-2.45090623949747,-2.266084007761614
0.25,1.25,0.15000000000000002,1.36,0.1343597501878264,-2.47652820252544,-0.30337150500850996
0.25,1.25,0.15000000000000002,1.3800000000000001,0.0848966183724979,-2.463440116575794,1.5995372268536672
0.25,1.25,0.15000000000000002,1.4000000000000001,0.03607025598980467,-2.4131554594211737,3.411220974001084
0.25,1.25,0.15000000000000002,1.42,-0.011395628873052715,-2.3277931636077143,5.102741126100391
0.25,1.25,0.15000000000000002,1.44,-0.05682527758616099,-2.210017455760459,6.64865893916412
0.25,1.25,0.15000000000000002,1.46,-0.09960102963707963,-2.0629596792759513,8.02780493213529
0.25,1.25,0.15000000000000002,1.48,-0.13917177479069143,-1.8901277318386795,9.2237438265364
0.25,1.25,0.15000000000000002,1.5,-0.1750595224947955,-1.695309389238472,10.224922074588108
0.25,1.25,0.15000000000000002,1.52,-0.20686402783243202,-1.4824756519203994,11.024525618857535
0.25,1.25,0.15000000000000002,1.54,-0.23426552997586517,-1.255689366054844,11.620106571272167
0.25,1.25,0.15000000000000002,1.56,-0.2570257492119104,-1.0190229851926007,12.013055384903085
0.25,1.25,0.15000000000000002,1.58,-0.27498735074712066,-0.7764877611182543,12.207999621363214
0.25,1.25,0.15000000000000002,1.6,-0.2880721138526295,-0.5319750635692198,12.212203241737145
0.25,1.25,0.15000000000000002,1.62,-0.2962780442715672,-0.289209199459508,12.035024852198793
0.25,1.25,0.15000000000000002,1.6400000000000001,-0.2996756462537065,-0.051710159853199524,11.687473439446594
0.25,1.25,0.15000000000000002,1.6600000000000001,-0.2984035288182403,0.17723590211338539,11.181878792939703
0.25,1.25,0.15000000000000002,1.68,-0.29266348131902625,0.3946007418427832,10.531674775555796
0.25,1.25,0.15000000000000002,1.7,-0.282715104750778,0.5976347553848214,9.751277571673214
0.25,1.25,0.15000000000000002,1.72,-0.26887004675973947,0.7838859873124239,8.856029938635878
0.25,1.25,0.15000000000000002,1.74,-0.2514858650512969,0.9512183910100298,7.862176614207834
0.25,1.25,0.15000000000000002,1.76,-0.2309595304433821,1.0978296124211007,6.786835137214749
0.25,1.25,0.15000000000000002,1.78,-0.20772058213564681,1.2222678702075331,5.64793020850435
0.25,1.25,0.15000000000000002,1.8,-0.182223962011924,1.3234469603186634,4.464067433054071
0.25,1.25,0.15000000000000002,1.82,-0.15494257855871735,1.400657999947557,3.2543328815744963
0.25,1.25,0.15000000000000002,1.84,-0.12635968198385106,1.4535763866896108,2.0380168621215295
0.25,1.25,0.15000000000000002,1.86,-0.09696115948128373,1.482262562153144,0.8342718614018123
0.25,1.25,0.15000000000000002,1.8800000000000001,-0.06722788720448786,1.487155431369299,-0.338275249175954
0.25,1.25,0.15000000000000002,1.9000000000000001,-0.03762829317112764,1.4690577915738376,-1.4619297690711257
0.25,1.25,0.15000000000000002,1.92,-0.00861129077020159,1.4291136843722518,-2.5203244951180515
0.25,1.25,0.15000000000000002,1.94,0.019400249758121477,1.3687782225624208,-3.4987744936365144
0.25,1.25,0.15000000000000002,1.96,0.04601537328111341,1.2897809087605205,-4.384567916641809
0.25,1.25,0.15000000000000002,1.98,0.07088011311310335,1.194083934360272,-5.167175191620059
0.25,1.25,0.15000000000000002,2.0,0.09368170064436489,1.0838371810444811,-5.838369629502944
0.25,3.75,0.05,0.0,1.5707963267948966,3.75,-41.74
0.25,3.75,0.05,0.02,1.6374885008002182,2.921357201746741,-41.10033706882496
0.25,3.75,0.05,0.04,1.6877432902281817,2.106540816693215,-40.376331490408944
0.25,3.75,0.05,0.06,1.7218471084383407,1.3062185334390548,-39.66400630150603
0.25,3.75,0.05,0.08,1.7400828118910165,0.5194821584467796,-39.0253946698357
0.25,3.75,0.05,0.1,1.7427048286360498,-0.2555002354180657,-38.491272337126
0.25,3.75,0.05,0.12,1.7299267366599154,-1.020884585285485,-38.06363059862449
0.25,3.75,0.05,0.14,1.701920437938648,-1.77859406419502,-37.717416573553
0.25,3.75,0.05,0.16,1.6588261193622247,-2.52978909372732,-37.40153192047153
0.25,3.75,0.05,0.18,1.6007726850296653,-3.274352983558812,-37.03946915122128
0.25,3.75,0.05,0.2,1.5279083254707209,-4.010392395636707,-36.530321952464774
0.25,3.75,0.05,0.22,1.4404408060173657,-4.7337702472290895,-35.75123094032795
0.25,3.75,0.05,0.24,1.3386864296502434,-5.437713099528395,-34.562567447927194
0.25,3.75,0.05,0.26,1.22312558887747,-6.112560330027805,-32.81718595319308
0.25,3.75,0.05,0.28,1.0944611498064851,-6.745747642609261,-30.374689170455557
0.25,3.75,0.05,0.3,0.9536739634952195,-7.3221269986735935,-27.12064991764368
0.25,3.75,0.05,0.32,0.8020678871112421,-7.824707498083209,-22.98905460910872
0.25,3.75,0.05,0.34,0.6412954502313659,-8.235847414240785,-17.984137809809255
0.25,3.75,0.05,0.36,0.47335562832711364,-8.538830936297119,-12.196000731756378
0.25,3.75,0.05,0.38,0.300557669349676,-8.719644117461847,-5.804020602933559
0.25,3.75,0.05,0.4,0.1254497897209437,-8.768660287090729,0.9360254427198695
0.25,3.75,0.05,0.42,-0.04928216736480731,-8.681901851932585,7.720984117020885
0.25,3.75,0.05,0.44,-0.22093464771836818,-8.461600417287755,14.240185210550955
0.25,3.75,0.05,0.46,-0.38690925233449336,-8.115926074479315,20.21696587577963
0.25,3.75,0.05,0.48,-0.5448222768506529,-7.657952703364932,25.44206381749132
0.25,3.75,0.05,0.5,-0.6925878000672345,-7.104097811173293,29.79201690462154
0.25,3.75,0.05,0.52,-0.8284670215169396,-6.472363941963115,33.23070576122624
0.25,3.75,0.05,0.54,-0.9510831289336223,-5.78069790853261,35.7969269686094
0.25,3.75,0.05,0.56,-1.0594064984801452,-5.0456903676370635,37.583631335699074
0.25,3.75,0.05,0.58,-1.1527182817747372,-4.28172506078825,38.714779476543455
0.25,3.75,0.05,0.6,-1.2305615274182742,-3.5005748662204077,39.32433604058862
0.25,3.75,0.05,0.62,-1.292688142914771,-2.7113745428993057,39.53984615513956
0.25,3.75,0.05,0.64,-1.3390082463047104,-1.920869998708588,39.471192391461926
0.25,3.75,0.05,0.66,-1.3695464524776528,-1.1338447610148619,39.203935234370114
0.25,3.75,0.05,0.68,-1.3844077229402072,-0.35364333460059777,38.796120486202675
0.25,3.75,0.05,0.7000000000000001,-1.383754194542432,0.41726697931937606,38.27741983644193
0.25,3.75,0.05,0.72,-1.3677932878913945,1.1767327418089542,37.6497396000683
0.25,3.75,0.05,0.74,-1.3367768872103782,1.9223735889216682,36.888821157702814
0.25,3.75,0.05,0.76,-1.2910109614647767,2.6510824338935564,35.94675378173306
0.25,3.75,0.05,0.78,-1.2308746077548665,3.3585869441820897,34.75565938646045
0.25,3.75,0.05,0.8,-1.1568470266816169,4.039100360897817,33.23303432243659
0.25,3.75,0.05,0.8200000000000001,-1.0695402722144034,4.685100305781458,31.289282640875737
0.25,3.75,0.05,0.84,-0.9697347549478534,5.287283272147836,28.837774978524028
0.25,3.75,0.05,0.86,-0.8584134786100825,5.8347446487804735,25.807257434116593
0.25,3.75,0.05,0.88,-0.7367900803409038,6.315423083956309,22.155623977636235
0.25,3.75,0.05,0.9,-0.606325219730324,6.716818355905151,17.88309680158639
0.25,3.75,0.05,0.92,-0.46872616958854685,7.026944126009084,13.042048879969624
0.25,3.75,0.05,0.9400000000000001,-0.3259257378349995,7.2354186451183775,7.740483268538183
0.25,3.75,0.05,0.96,-0.18003924073212094,7.334541944840787,2.1369407546706674
0.25,3.75,0.05,0.98,-0.03330155968472263,7.3201794941408345,-3.573607977556346
0.25,3.75,0.05,1.0,0.11201013700542514,7.1922878685720075,-9.180951394687185
0.25,3.75,0.05,1.02,0.25365965868813206,6.954978316462088,-14.483858925638916
0.25,3.75,0.05,1.04,0.38953153574823085,6.6161073319027865,-19.312327819079414
0.25,3.75,0.05,1.06,0.5176984860459772,6.186479773747738,-23.54347091674135
0.25,3.75,0.05,1.08,0.6364703386788096,5.678820490271257,-27.108590301845325
0.25,3.75,0.05,1.1,0.7444215705978976,5.106694722172603,-29.99138783187343
0.25,3.75,0.05,1.12,0.8403981284755058,4.483538034461374,-32.21924654689284
0.25,3.75,0.05,1.1400000000000001,0.9235068999217969,3.821905762259304,-33.85051996872525
0.25,3.75,0.05,1.16,0.9930928366076989,3.1329916904775645,-34.9607541150323
0.25,3.75,0.05,1.18,1.0487091579798127,2.426413706592024,-35.630064871401416
0.25,3.75,0.05,1.2,1.0900856454945156,1.7102289812961793,-35.93294693767318
0.25,3.75,0.05,1.22,1.1170990870218924,0.9911244153616098,-35.9309478889338
0.25,3.75,0.05,1.24,1.1297488122862063,0.2747257705260336,-35.66807828777961
0.25,3.75,0.05,1.26,1.1281391606269295,-0.43402560386530836,-35.16856806582266
0.25,3.75,0.05,1.28,1.1124698004931386,-1.1304711372596723,-34.43655611813648
0.25,3.75,0.05,1.3,1.0830340287814195,-1.809843905661259,-33.4574164980594
0.25,3.75,0.05,1.32,1.0402245269876838,-2.466919158994446,-32.20058827402744
0.25,3.75,0.05,1.34,0.9845454417683651,-3.0957364038791377,-30.62390783660854
0.25,3.75,0.05,1.36,0.916629053996352,-3.6894234900818716,-28.67947926542843
0.25,3.75,0.05,1.3800000000000001,0.8372546927973561,-4.24015309076742,-26.321014276929013
0.25,3.75,0.05,1.4000000000000001,0.7473669662726199,-4.739258193762514,-23.512308577700228
0.25,3.75,0.05,1.42,0.6480899456447237,-5.177522767040527,-20.236122528627668
0.25,3.75,0.05,1.44,0.5407337877290628,-5.545644644461335,-16.50229116751441
0.25,3.75,0.05,1.46,0.4267906043942482,-5.83484044956557,-12.3535604733193
0.25,3.75,0.05,1.48,0.307917292481266,-6.0375316951250255,-7.867623975272398
0.25,3.75,0.05,1.5,0.18590455317345256,-6.148023767797872,-3.15426550048171
0.25,3.75,0.05,1.52,0.06263324456217174,-6.163076270622923,1.6525955953890041
0.25,3.75,0.05,1.54,-0.05997878031524592,-6.082270216179254,6.407003262419334
0.25,3.75,0.05,1.56,-0.180034573961802,-5.908107997360691,10.965193885223144
0.25,3.75,0.05,1.58,-0.2957151387226603,-5.645828800987795,15.199364489884772
0.25,3.75,0.05,1.6,-0.405330182734369,-5.302974422831697,19.0085198270027
0.25,3.75,0.05,1.62,-0.5073583094079296,-4.888782079148604,22.324727842818806
0.25,3.75,0.05,1.6400000000000001,-0.6004741516869055,-4.41350340034461,25.114259721972058
0.25,3.75,0.05,1.6600000000000001,-0.6835619831638267,-3.887747690438362,27.374196363631498
0.25,3.75,0.05,1.68,-0.755717104546348,-3.321927705091204,29.12583187808321
0.25,3.75,0.05,1.7,-0.8162376040124331,-2.7258559672998564,30.406476148609915
0.25,3.75,0.05,1.72,-0.8646097118275191,-2.10850867885125,31.2611144594705
0.25,3.75,0.05,1.74,-0.9004900566004472,-1.4779485174220968,31.734996702422254
0.25,3.75,0.05,1.76,-0.9236877577221377,-0.8413806378714903,31.86778230073909
0.25,3.75,0.05,1.78,-0.9341486949330592,-0.20530837806627505,31.68949200922426
0.25,3.75,0.05,1.8,-0.9319435783762461,0.4242489464763692,31.218268824705838
0.25,3.75,0.05,1.82,-0.9172607092852171,1.0415101852166073,30.459830929641093
0.25,3.75,0.05,1.84,-0.8904036565804063,1.640691392992328,29.408468188360224
0.25,3.75,0.05,1.86,-0.851793462737735,2.215799050110565,28.049442923601053
0.25,3.75,0.05,1.8800000000000001,-0.8019744165069704,2.7604841717723696,26.362653444932278
0.25,3.75,0.05,1.9000000000000001,-0.7416219336248923,3.26798079591401,24.32736855698302
0.25,3.75,0.05,1.92,-0.6715506671952017,3.7311474402234657,21.92772331113144
0.25,3.75,0.05,1.94,-0.592720658713232,4.142622166551311,19.15848762346736
0.25,3.75,0.05,1.96,-0.506239251022398,4.4950901782450945,16.030420752420124
0.25,3.75,0.05,1.98,-0.41335664548368173,4.781647464502386,12.574375067601487
0.25,3.75,0.05,2.0,-0.3154534936069836,4.996226830357996,8.843298699697657
0.25,3.75,0.15000000000000002,0.0,1.5707963267948966,3.75,-46.74
0.25,3.75,0.15000000000000002,0.02,1.6365748615641353,2.8342491966496306,-44.82363687547932
0.25,3.75,0.15000000000000002,0.04,1.6844240592683604,1.9570845797660712,-42.90112264552471
0.25,3.75,0.15000000000000002,0.06,1.7151097887015019,1.117603602714208,-41.0673023916415
0.25,3.75,0.15000000000000002,0.08,1.7293638305028984,0.31344378355327446,-39.37460187714533
0.25,3.75,0.15000000000000002,0.1,1.7278627096091932,-0.4584415470373547,-37.84008872162033
0.25,3.75,0.15000000000000002,0.12,1.711220648252815,-1.2011378547920697,-36.4514730388274
0.25,3.75,0.15000000000000002,0.14,1.6799943316553825,-1.9172314985584458,-35.17181649797919
0.25,3.75,0.15000000000000002,0.16,1.6346975563587314,-2.608354753857905,-33.94320208709708
0.25,3.75,0.15000000000000002,0.18,1.5758242980345807,-3.274798286660687,-32.689907424415836
0.25,3.75,0.15000000000000002,0.2,1.5038788850072395,-3.9151879561984773,-31.321799606119118
0.25,3.75,0.15000000000000002,0.22,1.41941190836829,-4.526238312636422,-29.73874513017244
0.25,3.75,0.15000000000000002,0.24,1.3230600680028328,-5.102610874793393,-27.83678093910242
0.25,3.75,0.15000000000000002,0.26,1.215587478294605,-5.636917983219431,-25.51656287460708
0.25,3.75,0.15000000000000002,0.28,1.0979250492779968,-6.1199192553735555,-22.69413076232165
0.25,3.75,0.15000000000000002,0.3,0.9712036460203687,-6.540951517077534,-19.31328860527221
0.25,3.75,0.15000000000000002,0.32,0.8367761653620069,-6.888609701347879,-15.357988698207647
0.25,3.75,0.15000000000000002,0.34,0.696223603057993,-7.1516557019799825,-10.862271894379683
0.25,3.75,0.15000000000000002,0.36,0.551341277729452,-7.320077865508472,-5.914942516910079
0.25,3.75,0.15000000000000002,0.38,0.40410341506986086,-7.386170725858533,-0.6566126413815638
0.25,3.75,0.15000000000000002,0.4,0.2566072840435466,-7.345470036558261,4.731812694219739
0.25,3.75,0.15000000000000002,0.42,0.11100146944358076,-7.197380042254916,10.048001576620223
0.25,3.75,0.15000000000000002,0.44,-0.030594289772894433,-6.9453761121763655,15.091084880582425
0.25,3.75,0.15000000000000002,0.46,-0.16616869314629337,-6.596747306635819,19.683988340799807
0.25,3.75,0.15000000000000002,0.48,-0.29388912742989054,-6.161935590704129,23.690788252093768
0.25,3.75,0.15000000000000002,0.5,-0.4121557181461713,-5.653603660566304,27.026180546320766
0.25,3.75,0.15000000000000002,0.52,-0.519635422826414,-5.0856000887866335,29.656360462681562
0.25,3.75,0.15000000000000002,0.54,-0.6152757719941505,-4.471982861198003,31.59265582070514
0.25,3.75,0.15000000000000002,0.56,-0.6983007099902798,-3.8262215632072833,32.88050891626553
0.25,3.75,0.15000000000000002,0.58,-0.7681928479519203,-3.160642353380504,33.586677947940906
0.25,3.75,0.15000000000000002,0.6,-0.8246671731076227,-2.486126121963845,33.78704358267293
0.25,3.75,0.15000000000000002,0.62,-0.8676410268313112,-1.8120309595377229,33.55655693029462
0.25,3.75,0.15000000000000002,0.64,-0.897204368741483,-1.1462879331812703,32.96201280458164
0.25,3.75,0.15000000000000002,0.66,-0.9135932052436058,-0.49561234439367924,32.05768779292827
0.25,3.75,0.15000000000000002,0.68,-0.9171679374428394,0.13422377365467997,30.883510038509016
0.25,3.75,0.15000000000000002,0.7000000000000001,-0.9083973793802168,0.7381038526221555,29.46528274562528
0.25,3.75,0.15000000000000002,0.72,-0.8878483778614455,1.3113000553991567,27.816483682661914
0.25,3.75,0.15000000000000002,0.74,-0.8561803218210992,1.8492547402471238,25.94122594008624
0.25,3.75,0.15000000000000002,0.76,-0.8141433722063349,2.3474297825828154,23.83802761800297
0.25,3.75,0.15000000000000002,0.78,-0.7625789086885965,2.8012367140519747,21.50406487888457
0.25,3.75,0.15000000000000002,0.8,-0.7024205159843736,3.2060538419568507,18.939565750468354
0.25,3.75,0.15000000000000002,0.8200000000000001,-0.6346937523444024,3.5573295016310498,16.151950894915043
0.25,3.75,0.15000000000000002,0.84,-0.5605130673856277,3.850761862141033,13.159277525328022
0.25,3.75,0.15000000000000002,0.86,-0.4810744975616223,4.0825369797779505,9.9925290403125
0.25,3.75,0.15000000000000002,0.88,-0.3976432495074977,4.249597409297274,6.696359877941573
0.25,3.75,0.15000000000000002,0.9,-0.31153587699274055,4.349908402433127,3.3280650095857034
0.25,3.75,0.15000000000000002,0.92,-0.2240974526003744,4.382685661160612,-0.045204502401571034
0.25,3.75,0.15000000000000002,0.9400000000000001,-0.136674849191194,4.348552234338951,-3.3506649946651264
0.25,3.75,0.15000000000000002,0.96,-0.05058779787607459,4.249601121287716,-6.514983617343651
0.25,3.75,0.15000000000000002,0.98,0.0329002700734116,4.0893538114128205,-9.46948132954543
0.25,3.75,0.15000000000000002,1.0,0.1126095421527606,3.8726198578035698,-12.154705005824562
0.25,3.75,0.15000000000000002,1.02,0.18746749352159248,3.6052765649482517,-14.523765293010301
0.25,3.75,0.15000000000000002,1.04,0.2565275869186561,3.2939973154795665,-16.544097061932135
0.25,3.75,0.15000000000000002,1.06,0.31898229049288684,2.945961126877114,-18.19760006505681
0.25,3.75,0.15000000000000002,1.08,0.37417036220084166,2.568573857374666,-19.479384149504543
0.25,3.75,0.15000000000000002,1.1,0.4215788822215497,2.169225213153627,-20.395521371526357
0.25,3.75,0.15000000000000002,1.12,0.460840914954131,1.7550967164470455,-20.96027848217607
0.25,3.75,0.15000000000000002,1.1400000000000001,0.49172989976533316,1.3330264027538616,-21.193278867374243
0.25,3.75,0.15000000000000002,1.16,0.5141518852915081,0.9094279084987794,-21.116952985466668
0.25,3.75,0.15000000000000002,1.18,0.5281366258712108,0.49025554947761396,-20.754517587149177
0.25,3.75,0.15000000000000002,1.2,0.5338283400835372,0.08100344023349104,-20.128603889913457
0.25,3.75,0.15000000000000002,1.22,0.5314766817946672,-0.313274665060083,-19.260552682477602
0.25,3.75,0.15000000000000002,1.24,0.521428207057022,-0.6879376549918365,-18.170316452838442
0.25,3.75,0.15000000000000002,1.26,0.5041183795392148,-1.0387325436753834,-16.876855022521617
0.25,3.75,0.15000000000000002,1.28,0.4800639617400025,-1.3617815981304209,-15.398877846823597
0.25,3.75,0.15000000000000002,1.3,0.4498554999422429,-1.653586414810864,-13.75576885153644
0.25,3.75,0.15000000000000002,1.32,0.4141495389413349,-1.9110509164371194,-11.968525971553646
0.25,3.75,0.15000000000000002,1.34,0.3736601967018535,-2.131521951810213,-10.060556855106793
0.25,3.75,0.15000000000000002,1.36,0.3291497833188474,-2.3128432137347077,-8.058195074634295
0.25,3.75,0.15000000000000002,1.3800000000000001,0.28141826311224666,-2.453415827060003,-5.990838347895179
0.25,3.75,0.15000000000000002,1.4000000000000001,0.23129150529528636,-2.5522574658472665,-3.8906597331116606
0.25,3.75,0.15000000000000002,1.42,0.1796084384643654,-2.609051441782256,-1.7919004044807982
0.25,3.75,0.15000000000000002,1.44,0.12720738888867195,-2.624177996689833,0.27018932600380463
0.25,3.75,0.15000000000000002,1.46,0.07491202477433664,-2.5987217999318344,2.2606443410945323
0.25,3.75,0.15000000000000002,1.48,0.0235174155853264,-2.5344524455361594,4.146166565294597
0.25,3.75,0.15000000000000002,1.5,-0.026223239768506948,-2.4337777611720424,5.89643752152419
0.25,3.75,0.15000000000000002,1.52,-0.07361071272394729,-2.299672690196526,7.485221894402139
0.25,3.75,0.15000000000000002,1.54,-0.11801020279516995,-2.1355891669458797,8.891157956484506
0.25,3.75,0.15000000000000002,1.56,-0.15885987198613755,-1.9453537257967337,10.098182635966594
0.25,3.75,0.15000000000000002,1.58,-0.19567726402277508,-1.7330604876477895,11.095590227586719
0.25,3.75,0.15000000000000002,1.6,-0.22806360294053757,-1.5029660224088872,11.877770060609693
0.25,3.75,0.15000000000000002,1.62,-0.255706048923853,-1.2593922357481657,12.44370129669816
0.25,3.75,0.15000000000000002,1.6400000000000001,-0.2783781308668886,-1.0066409155206477,12.796299615556588
0.25,3.75,0.15000000000000002,1.6600000000000001,-0.29593860356776713,-0.7489220641167239,12.941710608712024
0.25,3.75,0.15000000000000002,1.68,-0.3083290113407359,-0.4902961788764405,12.888632442349756
0.25,3.75,0.15000000000000002,1.7,-0.31557022917389604,-0.2346292515326996,12.647729679112414
0.25,3.75,0.15000000000000002,1.72,-0.31775821197160814,0.014441749352615232,12.231175277202416
0.25,3.75,0.15000000000000002,1.74,-0.31505913557651727,0.25353563483991937,11.65233334403582
0.25,3.75,0.15000000000000002,1.76,-0.30770405777774007,0.4795487698916751,10.9255735073531
0.25,3.75,0.15000000000000002,1.78,-0.2959831727127391,0.6896742286496427,10.066190878628133
0.25,3.75,0.15000000000000002,1.8,-0.280239693234809,0.8814201099168556,9.090394385244185
0.25,3.75,0.15000000000000002,1.82,-0.2608633667466708,1.0526279508924385,8.015321044286251
0.25,3.75,0.15000000000000002,1.84,-0.2382836206341752,1.2014913242495413,6.859034387382243
0.25,3.75,0.15000000000000002,1.86,-0.21296233842463017,1.3265739582390514,5.6404709216538595
0.25,3.75,0.15000000000000002,1.8800000000000001,-0.18538628936693613,1.4268260204119343,4.379308738443285
0.25,3.75,0.15000000000000002,1.9000000000000001,-0.15605926464220637,1.5015968814136835,3.0957451643920484
0.25,3.75,0.15000000000000002,1.92,-0.12549400883213602,1.5506425181860017,1.8101845630009739
0.25,3.75,0.15000000000000002,1.94,-0.0942040710507714,1.574125889001526,0.5428509210949337
0.25,3.75,0.15000000000000002,1.96,-0.062695728647475,1.572609020981342,-0.6866490605798519
0.25,3.75,0.15000000000000002,1.98,-0.03146016286988859,1.5470360962805767,-1.8597790303253088
0.25,3.75,0.15000000000000002,2.0,-0.0009660582553164335,1.4987076668996306,-2.959507213757055
